<?xml version="1.0" encoding="UTF-8"?>
<project-private xmlns="http://www.netbeans.org/ns/project-private/1">
    <editor-bookmarks xmlns="http://www.netbeans.org/ns/editor-bookmarks/2" lastBookmarkId="2">
        <file>
            <url>userController.php</url>
            <bookmark id="1">
                <name/>
                <line>2</line>
                <key/>
            </bookmark>
        </file>
        <file>
            <url>user/UserDataClass.php</url>
            <bookmark id="2">
                <name/>
                <line>140</line>
                <key/>
            </bookmark>
        </file>
    </editor-bookmarks>
    <open-files xmlns="http://www.netbeans.org/ns/projectui-open-files/2">
        <group>
            <file>file:/C:/xampp/htdocs/HomeServe-UsersModule/user/UserDataClass.php</file>
            <file>file:/C:/xampp/htdocs/HomeServe-UsersModule/user/user.js</file>
            <file>file:/C:/xampp/htdocs/HomeServe-UsersModule/user/userView.php</file>
            <file>file:/C:/xampp/htdocs/HomeServe-UsersModule/user/userController.php</file>
        </group>
    </open-files>
</project-private>
